{
	"green": {
		"8": {
			"tolerance": 0.001,
			"avoidArea": 0.000001
		},
		"10": {
			"tolerance": 0.0001,
			"avoidArea": 0.000001
		},
		"12": {
			"tolerance": 0.0001,
			"avoidArea": 0.000001
		},
		"14": {
			"tolerance": 0.00001,
			"avoidArea": 0.00000001
		}
	},
	"landuse": {
		"8": {
			"tolerance": 0.001,
			"avoidArea": 0.0000015
		},
		"10": {
			"tolerance": 0.0001,
			"avoidArea": 0.000001
		},
		"12": {
			"tolerance": 0.0001,
			"avoidArea": 0.000001
		},
		"14": {
			"tolerance": 0.00001,
			"avoidArea": 0.000001
		}
	}
}