{
	"groups": {

		"landuse": {
			"areas": {
				"minzoom": 10,
				"data": [],
				"compress": {
					"10": {
						"tolerance": 0.000005,
						"drop": 0.00000001
					},
					"12": {
						"tolerance": 0.000005,
						"drop": 0.00000001
					},
					"14": {
						"tolerance": 0.000005,
						"drop": 0.00000001
					}
				}
			}
		},

		"nature": {

			"water": {
				"minzoom": 10,
				"data": [
					{
						"field": "name",
						"type": "*"
					}
				],
				"compress": {
					"8": {
						"tolerance": 0.0005,
						"drop": 0.00001
					},
					"10": {
						"tolerance": 0.0005,
						"drop": 0.00001
					},
					"12": {
						"tolerance": 0.000008,
						"drop": 0.000001
					},
					"14": {
						"tolerance": 0.000008,
						"drop": 0.000001
					},
					"15": {
						"tolerance": 0.000008,
						"drop": 0.000001
					},
					"16": {
						"tolerance": 0.000005,
						"drop": 0.0000001
					},
					"17": {
						"tolerance": 0.0000001,
						"drop": 0.000000001
					}
				}
			},

			"service": {
				"minzoom": 12,
				"data": [
					{
						"field": "name",
						"type": "*"
					}
				],
				"compress": {
					"12": {
						"tolerance": 0.000005,
						"drop": 0.00000001
					},
					"14": {
						"tolerance": 0.000005,
						"drop": 0.00000001
					},
					"15": {
						"tolerance": 0.000005,
						"drop": 0.00000001
					},
					"16": {
						"tolerance": 0.000005,
						"drop": 0.00000001
					}
				}
			},

			"green": {
				"minzoom": 10,
				"data": [
					{
						"field": "name",
						"type": "*"
					}
				],
				"compress": {
					"10": {
						"tolerance": 0.00001,
						"drop": 0.00001
					},
					"12": {
						"tolerance": 0.00001,
						"drop": 0.000001
					},
					"14": {
						"tolerance": 0.00001,
						"drop": 0.0000008
					},
					"15": {
						"tolerance": 0.00001,
						"drop": 0.00000008
					},
					"16": {
						"tolerance": 0.00001,
						"drop": 0.00000001
					},
					"17": {
						"tolerance": 0.0000001,
						"drop": 0.000000001
					}
				}
			}

		},

		"service": {

			"railways": {
				"minzoom": 17,
				"compress": {
					"17": {
						"tolerance": 0.00001,
						"drop": 0.0000001
					}
				}
			},

			"bridgePaths": {
				"minzoom": 16,
				"data": [
					{
						"field": "name",
						"type": "*"
					}
				],
				"compress": {
					"14": {
						"tolerance": 0.00001,
						"drop": 0.0001
					},
					"15": {
						"tolerance": 0.00001,
						"drop": 0.0000001
					},
					"16": {
						"tolerance": 0.00001,
						"drop": 0.0000001
					}
				}
			},

			"bridges": {
				"minzoom": 15,
				"data": [
					{
						"field": "name",
						"type": "*"
					}
				],
				"compress": {
					"14": {
						"tolerance": 0.00001
					},
					"15": {
						"tolerance": 0.00001
					},
					"16": {
						"tolerance": 0.000001
					}
				}
			},

			"tunnels": {
				"minzoom": 15,
				"data": [
					{
						"field": "name",
						"type": "*"
					}
				],
				"compress": {
					"14": {
						"tolerance": 0.00001
					},
					"15": {
						"tolerance": 0.00001
					},
					"16": {
						"tolerance": 0.000001
					}
				}
			}
		},

		"roads": {

			"tunnels": {
				"minzoom": 16,
				"data": [
					{
						"field": "name",
						"type": "*"
					}
				],
				"compress": {
					"14": {
						"tolerance": 0.00001,
						"drop": 0.0000001
					},
					"15": {
						"tolerance": 0.00001,
						"drop": 0.0000001
					},
					"16": {
						"tolerance": 0.00001,
						"drop": 0.0000001
					}
				}
			},

			"motorways": {
				"minzoom": 14,
				"data": [
					{
						"field": "name",
						"type": "*"
					}
				],
				"compress": {
					"8": {
						"tolerance": 0.001,
						"drop": 0.001
					},
					"10": {
						"tolerance": 0.001,
						"drop": 0.0001
					},
					"12": {
						"tolerance": 0.0001,
						"drop": 0.00001
					},
					"14": {
						"tolerance": 0.00001,
						"drop": 0.0000001
					},
					"15": {
						"tolerance": 0.00001,
						"drop": 0.0000001
					},
					"16": {
						"tolerance": 0.00001,
						"drop": 0.0000001
					}
				}
			},

			"highways": {
				"minzoom": 14,
				"data": [
					{
						"field": "name",
						"type": "*"
					}
				],
				"compress": {
					"14": {
						"tolerance": 0.00001,
						"drop": 0.0000001
					},
					"15": {
						"tolerance": 0.00001,
						"drop": 0.00001
					},
					"16": {
						"tolerance": 0.00001,
						"drop": 0.00001
					},
					"17": {
						"tolerance": 0.00001,
						"drop": 0.0000001
					}
				}
			},

			"streets": {
				"minzoom": 15,
				"data": [
					{
						"field": "name",
						"type": "*"
					}
				],
				"compress": {
					"15": {
						"tolerance": 0.00001,
						"drop": 0.005
					},
					"16": {
						"tolerance": 0.00001,
						"drop": 0.0001
					},
					"17": {
						"tolerance": 0.00001,
						"drop": 0.000001
					}
				}
			},

			"service": {
				"minzoom": 17,
				"data": [
					{
						"field": "name",
						"type": "*"
					}
				],
				"compress": {
					"17": {
						"tolerance": 0.00001,
						"drop": 0.000001
					}
				}
			}
		},

		"buildings": {
			
			"facilities": {
				"minzoom": 12,
				"data": [
					{
						"field": "name",
						"type": "*"
					}
				],
				"compress": {
					"14": {
						"tolerance": 0.00001,
						"drop": 0.000000005
					}
				}
			},

			"houses": {
				"minzoom": 14,
				"data": [
					{
						"field": "name",
						"type": "*"
					}
				],
				"compress": {
					"14": {
						"tolerance": 0.00001,
						"drop": 0.00000008
					},
					"15": {
						"tolerance": 0.00001,
						"drop": 0.00000005
					},
					"16": {
						"tolerance": 0.00001,
						"drop": 0.00000002
					}
				}
			},

			"aero": {
				"minzoom": 14
			}
		},

		"labels": {

			"stations": {
				"minzoom": 15,
				"data": [
					{
						"field": "name",
						"type": "*"
					},
					{
						"field": "network",
						"type": [
							{
								"name": "Default",
								"icon": "station"
							},
							{
								"name": "London Underground",
								"icon": "uk-tfl-lu"
							},
							{
								"name": "London Overground",
								"icon": "uk-tfl-lo"
							},
							{
								"name": "Elizabeth Line",
								"icon": "uk-tfl-el"
							},
							{
								"name": "Docklands Light Railway",
								"icon": "uk-tfl-dlr"
							},
							{
								"name": "National Rail",
								"icon": "uk-nr"
							}
						]
					}
				]
			},

			"districts": {
				"minzoom": 14,
				"data": [
					{
						"field": "name",
						"type": "*"
					}
				]
			},

			"cities": {
				"minzoom": 8,
				"data": [
					{
						"field": "name",
						"type": "*"
					},
					{
						"field": "capital",
						"type": "bool"
					}
				]
			},

			"countries": {
				"minzoom": 2,
				"data": {
					"name": "*"
				}
			},

			"marine": {
				"minzoom": 2,
				"data": [
					{
						"field": "name",
						"type": "*"
					}
				]
			}
		}
	},

	"filters": {
		"node": {
			"railway": [
				{
					"values": [ "station" ],
					"containers": [ "labels:stations" ]
				}
			],
			"place": [
				{
					"values": [ "quarter", "suburb", "borough" ],
					"containers": [ "labels:districts" ]
				},
				{
					"values": [ "city", "town" ],
					"containers": [ "labels:cities" ]
				},
				{
					"values": [ "country" ],
					"containers": [ "labels:countries" ]
				},
				{
					"values": [ "sea", "ocean" ],
					"containers": [ "labels:marine" ]
				}
			]
		},
		"way": {
			"railway": [
				{
					"values": [ "rail", "light_rail", "monorail", "narrow_gauge", "preserved", "tram" ],
					"skip": {
						"tunnel": "*"
					},
					"containers": [ "service:railways" ]
				}
			],
			"highway": [
				{
					"values": [ "motorway" ],
					"containers": [ "roads:motorways" ]
				},
				{
					"values": [ "trunk", "primary", "secondary" ],
					"containers": [ "roads:highways" ]
				},
				{
					"values": [ "unclassified", "residential", "tertiary" ],
					"containers": [ "roads:streets" ]
				},
				{
					"values": [ "service" ],